SpT,Teff,logT,BCv,logL,Mbol,R_Rsun,Mv,B-V,Bt-Vt,G-V,Bp-Rp,G-Rp,M_G,b-y,U-B,V-Rc,V-Ic,V-Ks,J-H,H-Ks,M_J,M_Ks,Ks-W1,W1-W2,W1-W3,W1-W4,g-r,r-i,i-z,z-Y,Msun,M_H,M_V,M_Rp,M_W1,M_B,M_Bp,M_Rc,M_Ic,M_W2,M_W3,M_W4,M_U
O3V,45900,4.662,-4.01,5.82,-9.81,13.43,-5.8,-0.33,,,,,,,-1.175,,,,,,,,,,,,,,,,59.0,,,,,,,,,,,,
O4V,42900,4.632,-3.89,5.652,-9.39,12.13,-5.5,-0.326,,,,,,,-1.16,,,,,,,,,,,,,,,,48.0,,,,,,,,,,,,
O5V,41400,4.617,-3.76,5.54,-9.11,11.45,-5.35,-0.323,,0.01,,,,-0.133,-1.15,,,,,,,,,,,,-0.62,,,,43.0,,,,,,,,,,,,
O5.5V,40400,4.606,-3.67,5.444,-8.87,10.71,-5.2,-0.322,,,,,,-0.133,-1.145,,,,,,,,,,,,-0.62,,,,38.0,,,,,,,,,,,,
O6V,39800,4.6,-3.57,5.364,-8.67,10.27,-5.1,-0.321,,,,,,-0.132,-1.14,,,,,,,,,,,,-0.62,,,,35.0,,,,,,,,,,,,
O6.5V,38000,4.58,-3.49,5.272,-8.44,9.82,-4.95,-0.319,,,,,,-0.131,-1.135,,,,,,,,,,,,-0.62,,,,31.0,,,,,,,,,,,,
O7V,37900,4.579,-3.41,5.18,-8.21,9.42,-4.8,-0.318,,,,,,-0.13,-1.13,,,,,,,,,,,,-0.62,,,,28.0,,,,,,,,,,,,
O7.5V,36100,4.558,-3.33,5.088,-7.98,8.95,-4.65,-0.317,,,,,,-0.13,-1.125,,,,,,,,,,,,-0.62,,,,26.0,,,,,,,,,,,,
O8V,35100,4.545,-3.24,4.992,-7.74,8.47,-4.5,-0.315,,0.0,,,,-0.129,-1.12,,,,,,,,,,,,-0.62,,,,23.6,,,,,,,,,,,,
O8.5V,34300,4.535,-3.18,4.908,-7.53,8.06,-4.35,-0.314,,,,,,-0.128,-1.115,,,,,,,,,,,,-0.62,,,,21.9,,,,,,,,,,,,
O9V,33300,4.522,-3.11,4.82,-7.31,7.72,-4.2,-0.312,,,,,,-0.127,-1.11,,-0.369,-1.0,-0.164,-0.071,-3.44,-3.2,,,,,-0.62,,,,20.2,-3.271,-4.2,,,-4.512,,,-3.831,,,,-5.622
O9.5V,31900,4.504,-3.01,4.72,-7.06,7.5,-4.05,-0.307,,,,,,-0.125,-1.09,,-0.361,-0.977,-0.161,-0.069,-3.3,-3.073,,,,,-0.605,,,,18.7,-3.142,-4.05,,,-4.357,,,-3.689,,,,-5.447
B0V,31400,4.497,-2.99,4.652,-6.89,7.16,-3.9,-0.301,,0.01,,,,-0.122,-1.07,,-0.355,-0.958,-0.159,-0.067,-3.17,-2.942,0.016,,,,-0.59,,,,17.7,-3.009,-3.9,,-2.958,-4.201,,,-3.545,,,,-5.271
B0.5V,29000,4.462,-2.83,4.428,-6.33,6.48,-3.5,-0.289,,0.01,,,,-0.12,-1.03,,-0.338,-0.913,-0.153,-0.063,-2.8,-2.587,0.017,,,,-0.54,,,,14.8,-2.65,-3.5,,-2.604,-3.789,,,-3.162,,,,-4.819
B1V,26000,4.415,-2.58,4.128,-5.58,5.71,-3.0,-0.278,,0.0,,,,-0.113,-0.995,-0.115,-0.325,-0.874,-0.148,-0.059,-2.33,-2.126,0.018,,,,-0.49,,,,11.8,-2.185,-3.0,,-2.144,-3.278,,-2.885,-2.675,,,,-4.273
B1.5V,24500,4.389,-2.44,3.912,-5.04,5.02,-2.6,-0.252,-0.274,-0.021,,,,-0.103,-0.91,-0.114,-0.281,-0.752,-0.132,-0.047,-2.03,-1.848,0.021,,,,-0.483,,,,9.9,-1.895,-2.6,,-1.869,-2.852,,-2.486,-2.319,,,,-3.762
B2V,20600,4.314,-2.03,3.428,-3.83,4.06,-1.8,-0.215,-0.219,0.015,,,,-0.094,-0.79,-0.094,-0.23,-0.602,-0.113,-0.032,-1.34,-1.198,0.023,,,,-0.475,,,,7.3,-1.23,-1.8,,-1.221,-2.015,,-1.706,-1.57,,,,-2.805
B2.5V,18500,4.267,-1.77,3.204,-3.27,3.89,-1.5,-0.198,-0.206,-0.003,,,,-0.087,-0.732,-0.087,-0.21,-0.544,-0.105,-0.026,-1.09,-0.956,0.025,,,,-0.468,,,,6.1,-0.982,-1.5,,-0.981,-1.698,,-1.413,-1.29,,,,-2.43
B3V,17000,4.23,-1.54,2.992,-2.74,3.61,-1.2,-0.178,-0.184,0.01,,,-1.19,-0.083,-0.673,-0.08,-0.192,-0.492,-0.098,-0.021,-0.83,-0.708,0.026,,,,-0.46,,,,5.4,-0.729,-1.2,,-0.734,-1.378,,-1.12,-1.008,,,,-2.051
B4V,16400,4.215,-1.49,2.892,-2.49,3.46,-1.0,-0.165,-0.17,0.015,,,-0.99,-0.078,-0.619,-0.074,-0.176,-0.447,-0.092,-0.016,-0.66,-0.553,0.028,,,,-0.437,,,,5.1,-0.569,-1.0,,-0.581,-1.165,,-0.926,-0.824,,,,-1.784
B5V,15700,4.196,-1.34,2.772,-2.19,3.36,-0.85,-0.156,-0.16,0.013,,,-0.84,-0.072,-0.581,-0.07,-0.165,-0.38,-0.084,-0.01,-0.54,-0.376,0.029,-0.045,-0.117,-0.07,-0.413,,,,4.7,-0.386,-0.756,,-0.405,-0.912,,-0.686,-0.591,-0.36,-0.288,-0.335,-1.493
B6V,14500,4.161,-1.13,2.568,-1.68,3.27,-0.55,-0.14,-0.142,0.02,,,-0.54,-0.066,-0.504,-0.062,-0.145,-0.358,-0.081,-0.007,-0.28,-0.192,0.03,-0.045,-0.117,-0.07,-0.39,,,,4.3,-0.199,-0.55,,-0.222,-0.69,,-0.488,-0.405,-0.177,-0.105,-0.152,-1.194
B7V,14000,4.146,-1.05,2.476,-1.45,2.94,-0.4,-0.128,-0.129,0.012,,,-0.39,-0.062,-0.459,-0.058,-0.133,-0.325,-0.077,-0.004,-0.16,-0.075,0.031,-0.045,-0.117,-0.07,-0.36,,,,3.92,-0.079,-0.4,,-0.106,-0.528,,-0.342,-0.267,-0.061,0.011,-0.036,-0.987
B8V,12300,4.09,-0.73,2.188,-0.73,2.86,0.0,-0.109,-0.107,0.02,,,-0.01,-0.045,-0.364,-0.048,-0.108,-0.254,-0.067,0.003,0.19,0.254,0.033,-0.046,-0.116,-0.067,-0.33,,,,3.38,0.257,0.0,,0.221,-0.109,,0.048,0.108,0.267,0.337,0.288,-0.473
B9V,10700,4.029,-0.42,1.864,0.08,2.49,0.5,-0.07,-0.063,0.02,-0.12,-0.036,0.515,-0.029,-0.2,-0.028,-0.061,-0.121,-0.05,0.016,0.59,0.621,0.038,-0.063,-0.104,-0.054,-0.28,,,,2.75,0.637,0.5,0.551,0.583,0.43,0.431,0.528,0.561,0.646,0.687,0.637,0.23
B9.5V,10400,4.017,-0.36,1.8,0.24,2.45,0.6,-0.05,-0.04,0.017,-0.087,-0.016,0.615,-0.021,-0.13,-0.017,-0.035,-0.048,-0.044,0.021,0.63,0.648,0.04,-0.044,-0.091,-0.043,-0.265,,,,2.68,0.669,0.6,0.631,0.608,0.55,0.544,0.617,0.635,0.652,0.699,0.651,0.42
A0V,9700,3.987,-0.21,1.584,0.78,2.193,0.99,0.0,0.013,0.015,-0.037,-0.02,1.0,0.0,-0.005,0.001,0.004,0.041,-0.032,0.028,0.95,0.949,0.042,-0.041,-0.074,-0.022,-0.25,-0.23,-0.17,,2.33,0.977,0.99,1.02,0.907,0.99,0.983,0.989,0.986,0.948,0.981,0.929,0.985
A1V,9300,3.968,-0.14,1.488,1.02,2.136,1.16,0.035,0.056,0.01,0.005,0.032,1.16,0.017,0.033,0.019,0.044,0.09,-0.025,0.03,1.08,1.07,0.043,-0.036,-0.068,-0.023,-0.21,,,,2.17,1.1,1.16,1.128,1.027,1.195,1.133,1.141,1.116,1.063,1.095,1.05,1.228
A2V,8840,3.946,-0.07,1.384,1.28,2.117,1.35,0.07,0.091,0.0,0.068,0.05,1.345,0.038,0.063,0.042,0.091,0.178,-0.012,0.034,1.19,1.172,0.044,-0.034,-0.067,-0.029,-0.17,,,,2.06,1.206,1.35,1.295,1.128,1.42,1.363,1.308,1.259,1.162,1.195,1.157,1.483
A3V,8600,3.934,-0.04,1.232,1.66,1.861,1.7,0.1,0.109,-0.005,0.11,0.092,1.69,0.055,0.077,0.05,0.108,0.253,0.003,0.035,1.49,1.447,0.045,-0.033,-0.066,-0.029,-0.14,,,,1.92,1.482,1.7,1.598,1.402,1.8,1.708,1.65,1.592,1.435,1.468,1.431,1.877
A4V,8250,3.917,-0.02,1.128,1.92,1.794,1.94,0.14,0.166,-0.01,0.166,0.113,1.92,0.071,0.097,0.078,0.164,0.353,0.022,0.037,1.65,1.587,0.046,-0.031,-0.059,-0.021,-0.09,,,,1.88,1.624,1.94,1.807,1.541,2.08,1.973,1.862,1.776,1.572,1.6,1.562,2.177
A5V,8100,3.908,0.0,1.092,2.01,1.785,2.01,0.16,0.185,-0.015,0.194,0.13,1.98,0.09,0.1,0.089,0.186,0.403,0.031,0.038,1.68,1.607,0.046,-0.03,-0.058,-0.021,-0.07,-0.11,,,1.86,1.645,2.01,1.85,1.561,2.17,2.044,1.921,1.824,1.591,1.619,1.582,2.27
A6V,7910,3.898,0.005,1.046,2.13,1.775,2.12,0.185,0.194,-0.02,0.222,0.152,2.09,0.099,0.098,0.094,0.197,0.465,0.043,0.039,1.74,1.655,0.046,-0.03,-0.057,-0.018,-0.05,,,,1.83,1.694,2.12,1.938,1.609,2.305,2.16,2.026,1.923,1.639,1.666,1.627,2.403
A7V,7760,3.89,0.01,1.0,2.24,1.75,2.23,0.21,0.233,-0.03,0.263,0.173,2.19,0.107,0.091,0.117,0.242,0.528,0.055,0.04,1.8,1.702,0.047,-0.03,-0.056,-0.017,-0.02,,,,1.76,1.742,2.23,2.017,1.655,2.44,2.28,2.113,1.988,1.685,1.711,1.672,2.531
A8V,7590,3.88,0.02,0.96,2.34,1.747,2.32,0.25,0.274,-0.04,0.32,0.204,2.27,0.132,0.082,0.14,0.288,0.601,0.07,0.042,1.81,1.694,0.048,-0.028,-0.055,-0.009,0.03,,,,1.67,1.736,2.295,2.066,1.646,2.545,2.386,2.155,2.007,1.674,1.701,1.655,2.627
A9V,7400,3.869,0.02,0.916,2.45,1.747,2.43,0.27,0.279,-0.05,0.327,0.207,2.37,0.145,0.08,0.143,0.294,0.674,0.086,0.044,1.89,1.756,0.048,-0.028,-0.055,-0.007,0.06,,,,1.63,1.8,2.43,2.163,1.708,2.7,2.49,2.287,2.136,1.736,1.763,1.715,2.78
F0V,7220,3.859,0.01,0.864,2.58,1.728,2.57,0.295,0.317,-0.06,0.377,0.23,2.51,0.158,0.053,0.166,0.339,0.734,0.096,0.045,1.98,1.836,0.049,-0.026,-0.05,0.003,0.1,,,,1.6,1.881,2.57,2.28,1.787,2.865,2.657,2.404,2.231,1.813,1.837,1.784,2.918
F1V,7020,3.846,0.005,0.79,2.77,1.679,2.76,0.33,0.35,-0.07,0.434,0.252,2.69,0.204,0.021,0.19,0.385,0.819,0.117,0.047,2.11,1.941,0.05,-0.026,-0.047,0.009,0.115,-0.025,,,1.5,1.988,2.76,2.438,1.891,3.09,2.872,2.57,2.375,1.917,1.938,1.882,3.111
F2V,6820,3.834,-0.005,0.71,2.97,1.622,2.97,0.37,0.39,-0.08,0.49,0.279,2.89,0.25,-0.008,0.213,0.432,0.925,0.14,0.05,2.24,2.045,0.051,-0.027,-0.046,0.011,0.16,-0.01,,,1.43,2.095,2.97,2.611,1.994,3.34,3.101,2.757,2.538,2.021,2.04,1.983,3.332
F3V,6750,3.829,-0.01,0.668,3.07,1.578,3.08,0.39,0.405,-0.09,0.518,0.293,2.99,0.263,-0.016,0.222,0.449,0.964,0.148,0.051,2.32,2.116,0.051,-0.028,-0.046,0.008,0.19,0.01,,,1.41,2.167,3.08,2.697,2.065,3.47,3.215,2.858,2.631,2.093,2.111,2.057,3.454
F4V,6670,3.824,-0.015,0.622,3.19,1.533,3.2,0.41,0.428,-0.1,0.546,0.307,3.1,0.277,-0.026,0.236,0.476,1.012,0.159,0.052,2.4,2.188,0.052,-0.029,-0.046,0.0,0.21,,,,1.38,2.24,3.2,2.793,2.136,3.61,3.339,2.964,2.724,2.165,2.182,2.136,3.584
F5V,6550,3.816,-0.02,0.556,3.35,1.473,3.37,0.44,0.455,-0.11,0.587,0.329,3.26,0.29,-0.029,0.252,0.506,1.079,0.173,0.054,2.52,2.291,0.052,-0.03,-0.045,-0.004,0.24,,,,1.32,2.345,3.37,2.931,2.239,3.81,3.518,3.118,2.864,2.269,2.284,2.243,3.781
F6V,6350,3.803,-0.03,0.432,3.66,1.359,3.69,0.486,0.504,-0.13,0.64,0.356,3.56,0.317,-0.021,0.276,0.553,1.19,0.199,0.057,2.76,2.5,0.054,-0.033,-0.045,-0.012,0.28,0.05,,,1.25,2.557,3.69,3.204,2.446,4.176,3.844,3.414,3.137,2.479,2.491,2.458,4.155
F7V,6280,3.798,-0.035,0.39,3.77,1.324,3.8,0.5,0.534,-0.14,0.67,0.372,3.66,0.332,-0.012,0.29,0.579,1.221,0.213,0.06,2.85,2.579,0.055,-0.036,-0.045,-0.013,0.31,,,,1.21,2.639,3.8,3.288,2.524,4.3,3.958,3.51,3.221,2.56,2.569,2.537,4.288
F8V,6180,3.791,-0.04,0.292,4.01,1.221,4.05,0.53,0.558,-0.127,0.694,0.385,3.9,0.35,0.001,0.3,0.599,1.29,0.225,0.061,3.05,2.76,0.056,-0.039,-0.044,-0.016,0.35,0.07,,,1.16,2.821,4.05,3.515,2.704,4.58,4.209,3.75,3.451,2.743,2.748,2.72,4.581
F9V,6050,3.782,-0.05,0.216,4.2,1.167,4.25,0.56,0.587,-0.14,0.719,0.399,4.105,0.378,0.014,0.312,0.62,1.335,0.236,0.063,3.21,2.915,0.057,-0.041,-0.044,-0.014,0.37,0.1,,,1.12,2.978,4.25,3.706,2.858,4.81,4.425,3.938,3.63,2.899,2.902,2.872,4.824
F9.5V,5990,3.777,-0.06,0.18,4.29,1.142,4.35,0.58,0.615,-0.155,0.767,0.431,4.195,,0.033,0.323,0.64,1.403,0.249,0.065,3.26,2.947,0.057,-0.042,-0.043,-0.012,0.389,,,,1.09,3.012,4.35,3.764,2.89,4.93,4.531,4.027,3.71,2.932,2.933,2.902,4.963
G0V,5930,3.773,-0.065,0.13,4.42,1.1,4.48,0.595,0.65,-0.155,0.784,0.439,4.325,,0.057,0.341,0.673,1.437,0.262,0.067,3.37,3.043,0.058,-0.043,-0.043,-0.01,0.403,0.1,,,1.07,3.11,4.48,3.886,2.985,5.075,4.67,4.139,3.807,3.028,3.028,2.995,5.132
G1V,5860,3.768,-0.073,0.077,4.55,1.06,4.62,0.622,0.661,-0.158,0.803,0.448,4.462,,0.067,0.34,0.672,1.5,0.279,0.07,3.47,3.12,0.06,-0.044,-0.042,-0.01,0.447,0.115,,,1.04,3.19,4.62,4.014,3.06,5.242,4.817,4.28,3.948,3.104,3.102,3.07,5.309
G2V,5770,3.761,-0.085,0.01,4.72,1.012,4.8,0.65,0.724,-0.155,0.823,0.459,4.635,,0.133,0.363,0.713,1.564,0.293,0.073,3.6,3.236,0.061,-0.05,-0.04,-0.016,0.46,0.11,0.02,,1.0,3.309,4.8,4.176,3.175,5.45,4.999,4.437,4.087,3.225,3.215,3.191,5.583
G3V,5720,3.757,-0.095,-0.014,4.78,1.002,4.87,0.66,0.739,-0.155,0.832,0.464,4.703,,0.152,0.368,0.722,1.588,0.299,0.074,3.66,3.282,0.061,-0.05,-0.04,-0.014,0.481,0.13,,,0.99,3.356,4.87,4.239,3.221,5.53,5.071,4.502,4.148,3.271,3.261,3.235,5.682
G4V,5680,3.754,-0.1,-0.036,4.83,0.991,4.93,0.67,0.757,-0.173,0.841,0.468,4.757,,0.175,0.374,0.733,1.611,0.304,0.075,3.7,3.319,0.062,-0.052,-0.041,-0.014,0.489,0.131,,,0.985,3.394,4.93,4.289,3.257,5.6,5.13,4.556,4.197,3.309,3.298,3.271,5.775
G5V,5660,3.753,-0.105,-0.054,4.88,0.977,4.98,0.68,0.764,-0.16,0.85,0.473,4.801,,0.185,0.377,0.738,1.635,0.31,0.076,3.73,3.345,0.062,-0.052,-0.041,-0.014,0.497,0.13,,,0.98,3.421,4.98,4.328,3.283,5.66,5.178,4.603,4.242,3.335,3.324,3.297,5.845
G6V,5600,3.748,-0.115,-0.098,4.99,0.949,5.1,0.7,0.796,-0.186,0.869,0.483,4.914,,0.227,0.388,0.758,1.691,0.324,0.079,3.81,3.409,0.063,-0.053,-0.04,-0.012,0.52,0.145,,,0.965,3.488,5.1,4.431,3.346,5.8,5.3,4.712,4.342,3.399,3.386,3.358,6.027
G7V,5550,3.744,-0.125,-0.134,5.08,0.927,5.2,0.71,0.809,-0.194,0.88,0.489,5.006,,0.243,0.393,0.766,1.705,0.327,0.08,3.9,3.495,0.064,-0.054,-0.04,-0.013,0.54,0.164,,,0.945,3.575,5.2,4.517,3.431,5.91,5.397,4.807,4.434,3.485,3.471,3.444,6.153
G8V,5480,3.739,-0.14,-0.204,5.16,0.914,5.3,0.73,0.842,-0.2,0.9,0.499,5.098,,0.284,0.404,0.786,1.768,0.342,0.082,3.96,3.532,0.065,-0.057,-0.039,-0.018,0.56,0.155,,,0.93,3.614,5.3,4.599,3.467,6.03,5.499,4.896,4.514,3.524,3.506,3.485,6.314
G9V,5380,3.731,-0.16,-0.26,5.39,0.853,5.55,0.775,0.894,-0.21,0.95,0.524,5.34,,0.358,0.423,0.82,1.857,0.364,0.087,4.14,3.693,0.067,-0.06,-0.038,-0.018,0.6,0.169,,,0.89,3.78,5.55,4.816,3.626,6.325,5.766,5.127,4.73,3.686,3.664,3.644,6.683
K0V,5290,3.723,-0.195,-0.324,5.59,0.813,5.78,0.816,0.944,-0.21,0.983,0.56,5.553,,0.436,0.443,0.853,1.953,0.387,0.091,4.31,3.827,0.07,-0.063,-0.037,-0.015,0.64,0.164,,,0.86,3.918,5.78,4.993,3.757,6.596,5.976,5.337,4.927,3.82,3.794,3.772,7.032
K1V,5170,3.713,-0.23,-0.394,5.72,0.797,5.95,0.857,0.976,-0.25,1.01,0.56,5.65,,0.491,0.457,0.879,2.06,0.404,0.094,4.39,3.889,0.071,-0.064,-0.038,-0.013,0.693,0.18,,,0.85,3.983,5.949,5.09,3.818,6.806,6.1,5.492,5.07,3.882,3.856,3.831,7.297
K2V,5100,3.708,-0.26,-0.428,5.81,0.783,6.07,0.884,1.035,-0.25,1.1,0.62,5.83,,0.581,0.482,0.92,2.13,0.427,0.098,4.46,3.938,0.073,-0.068,-0.037,-0.009,0.718,0.21,,,0.82,4.036,6.068,5.21,3.865,6.952,6.31,5.586,5.148,3.933,3.902,3.874,7.533
K3V,4870,3.688,-0.365,-0.57,6.17,0.755,6.53,0.99,1.166,-0.31,1.19,0.64,6.22,,0.801,0.56,1.03,2.35,0.49,0.11,4.78,4.1,0.079,-0.071,-0.031,-0.004,0.835,0.25,,,0.76,4.21,6.45,5.58,4.021,7.44,6.77,5.89,5.42,4.092,4.052,4.025,8.241
K4V,4600,3.663,-0.52,-0.692,6.46,0.71,6.99,1.09,1.292,-0.39,1.34,0.7,6.59,,0.986,0.635,1.182,2.7,0.539,0.123,4.91,4.247,0.087,-0.072,-0.03,0.009,0.96,0.305,,,0.72,4.37,6.947,5.89,4.16,8.037,7.23,6.312,5.765,4.232,4.19,4.151,9.023
K5V,4440,3.647,-0.63,-0.78,6.65,0.701,7.28,1.15,1.373,-0.43,1.43,0.74,6.85,,1.081,0.685,1.272,2.88,0.568,0.132,5.1,4.397,0.092,-0.073,-0.029,0.019,1.03,0.36,,,0.7,4.529,7.277,6.11,4.305,8.427,7.54,6.592,6.005,4.378,4.334,4.286,9.508
K6V,4300,3.633,-0.75,-0.848,6.89,0.669,7.64,1.24,1.439,-0.49,1.53,0.79,7.15,,1.184,0.759,1.42,3.08,0.601,0.148,5.31,4.56,0.101,,,,1.11,0.505,,,0.67,4.708,7.64,6.36,4.459,8.88,7.89,6.881,6.22,,,,10.064
K7V,4090,3.613,-0.93,-0.992,7.23,0.63,8.2,1.34,1.506,-0.59,1.7,0.86,7.57,,1.222,0.802,1.519,3.35,0.619,0.164,5.59,4.81,0.11,,,,1.22,0.5,,,0.64,4.974,8.16,6.71,4.7,9.5,8.41,7.358,6.641,,,,10.722
K8V,3990,3.601,-1.03,-1.064,7.4,0.615,8.43,1.363,1.562,-0.63,1.73,0.88,7.8,,1.216,0.843,1.632,3.48,0.626,0.171,5.75,4.95,0.115,,,,1.26,0.542,,,0.61,5.121,8.43,6.92,4.835,9.793,8.65,7.587,6.798,,,,11.009
K9V,3930,3.594,-1.07,-1.1,7.49,0.608,8.56,1.4,1.593,-0.68,1.79,0.9,7.9,,1.21,0.866,1.699,3.55,0.631,0.18,5.82,5.01,0.117,,,,1.3,0.565,,,0.6,5.19,8.56,7.0,4.893,9.96,8.79,7.694,6.861,,,,11.17
M0V,3850,3.585,-1.15,-1.164,7.65,0.588,8.8,1.42,1.623,-0.69,1.84,0.92,8.1,,1.204,0.889,1.766,3.65,0.627,0.19,5.97,5.15,0.12,,,,,0.68,0.33,,0.585,5.34,8.8,7.18,5.03,10.22,9.02,7.911,7.034,,,,11.424
M0.5V,3770,3.576,-1.29,-1.268,7.91,0.544,9.2,1.445,,-0.75,1.97,0.97,8.45,,1.184,0.924,1.886,3.84,0.62,0.208,6.19,5.36,0.125,,,,,0.8,0.37,,0.56,5.568,9.2,7.48,5.235,10.645,9.45,8.276,7.314,,,,11.829
M1V,3660,3.563,-1.42,-1.336,8.22,0.501,9.64,1.485,,-0.81,2.09,1.0,8.82,,1.172,0.956,2.005,4.0,0.614,0.222,6.48,5.64,0.13,,,,,0.815,0.41,,0.51,5.862,9.64,7.82,5.51,11.125,9.91,8.684,7.635,,,,12.297
M1.5V,3620,3.559,-1.5,-1.444,8.35,0.482,9.85,1.495,,-0.85,2.13,1.02,9.0,,1.17,0.978,2.089,4.1,0.608,0.227,6.59,5.75,0.135,,,,,0.86,0.47,,0.485,5.977,9.85,7.98,5.615,11.345,10.11,8.872,7.761,,,,12.515
M2V,3560,3.551,-1.62,-1.54,8.59,0.446,10.21,1.505,,-0.925,2.23,1.06,9.29,,1.17,1.001,2.173,4.23,0.6,0.234,6.81,5.98,0.14,,,,,0.96,0.53,,0.45,6.214,10.21,8.23,5.84,11.715,10.46,9.209,8.037,,,,12.885
M2.5V,3470,3.54,-1.78,-1.636,8.82,0.421,10.61,1.522,,-1.02,2.39,1.1,9.67,,1.175,1.041,2.306,4.43,0.589,0.244,7.01,6.18,0.145,,,,,1.07,0.57,,0.42,6.424,10.61,8.57,6.035,12.132,10.96,9.569,8.304,,,,13.307
M3V,3430,3.535,-1.93,-1.788,9.21,0.361,11.15,1.53,,-1.1,2.5,1.13,10.05,,1.181,1.079,2.42,4.6,0.579,0.252,7.38,6.55,0.15,,,,,1.21,0.61,,0.36,6.802,11.15,8.92,6.4,12.68,11.42,10.071,8.73,,,,13.861
M3.5V,3270,3.515,-2.28,-2.032,9.82,0.3,12.1,1.6,,-1.28,2.78,1.19,10.82,,1.2,1.178,2.68,5.0,0.558,0.269,7.93,7.1,0.17,,,,,1.4,0.66,,0.29,7.369,12.1,9.63,6.93,13.7,12.41,10.922,9.42,,,,14.9
M4V,3210,3.507,-2.51,-2.144,10.1,0.274,12.61,1.65,,-1.4,2.94,1.24,11.21,,1.222,1.241,2.831,5.25,0.557,0.28,8.2,7.36,0.18,,,,,1.5,0.71,,0.24,7.64,12.61,9.97,7.18,14.26,12.91,11.369,9.779,,,,15.482
M4.5V,3110,3.493,-2.84,-2.4,10.74,0.217,13.58,1.69,,-1.54,3.16,1.28,12.04,,1.23,1.345,3.073,5.65,0.564,0.301,8.8,7.93,0.2,,,,,1.71,0.81,,0.18,8.231,13.58,10.76,7.73,15.27,13.92,12.235,10.507,,,,16.5
M5V,3060,3.486,-3.11,-2.52,11.04,0.196,14.15,1.83,,-1.7,3.35,1.33,12.45,,1.24,1.446,3.278,5.95,0.58,0.312,9.09,8.2,0.21,0.17,,,,1.85,0.91,0.47,0.155,8.512,14.15,11.12,7.99,15.98,14.47,12.704,10.872,7.82,,,17.22
M5.5V,2930,3.467,-3.58,-2.792,11.72,0.156,15.3,1.94,,-1.95,3.71,1.38,13.35,,1.3,1.656,3.664,6.5,0.588,0.329,9.72,8.8,0.22,0.19,,,,2.02,1.13,0.52,0.122,9.129,15.3,11.97,8.58,17.24,15.68,13.644,11.636,8.39,,,18.54
M6V,2810,3.449,-4.13,-2.98,12.19,0.137,16.32,2.01,,-2.37,4.16,1.43,14.26,,1.3,1.95,4.1,7.1,0.605,0.352,10.18,9.22,0.225,0.21,,,,2.11,1.45,0.6,0.105,9.572,16.32,12.83,8.995,18.33,16.99,14.37,12.22,8.785,,,19.63
M6.5V,2740,3.438,-4.62,-3.096,12.48,0.126,17.1,2.07,,-2.7,4.5,1.48,14.4,,,1.988,4.26,7.6,0.609,0.36,10.47,9.5,0.235,0.22,,,,,1.58,0.64,0.096,9.86,17.1,12.92,9.265,19.17,17.42,15.112,12.84,9.045,,,
M7V,2680,3.428,-4.99,-3.188,12.71,0.12,17.7,2.12,,-2.98,4.65,1.52,14.72,,,2.18,4.5,8.0,0.613,0.39,10.7,9.7,0.24,0.24,,,,2.62,1.77,0.7,0.09,10.09,17.7,13.2,9.46,19.82,17.85,15.52,13.2,9.22,,,
M7.5V,2630,3.42,-5.32,-3.24,12.84,0.116,18.16,2.14,,-3.15,4.72,1.55,15.2,,,2.16,4.56,8.35,0.65,0.422,10.88,9.81,0.26,0.25,,,,2.66,1.85,0.74,0.088,10.232,18.16,13.65,9.55,20.3,18.37,16.0,13.6,9.3,,,
M8V,2570,3.41,-5.65,-3.292,12.95,0.114,18.6,2.15,,-3.11,4.86,1.57,15.2,,,2.15,4.62,8.7,0.677,0.45,11.05,9.92,0.285,0.26,,,,2.77,1.93,0.77,0.086,10.37,18.62,13.63,9.635,20.77,18.49,16.47,14.0,9.375,,,
M8.5V,2420,3.384,-5.78,-3.472,13.42,0.104,19.2,2.16,,-3.09,5.1,1.59,15.9,,,1.967,4.63,8.9,0.69,0.465,11.46,10.3,0.31,0.265,,,,2.7,1.96,0.8,0.08,10.765,19.2,14.31,9.99,21.36,19.41,17.233,14.57,9.725,,,
M9V,2380,3.377,-5.86,-3.52,13.54,0.102,19.4,2.17,,-3.06,4.78,1.6,16.2,,,1.89,4.66,9.0,0.72,0.47,11.59,10.4,0.33,0.27,,,,2.43,1.99,0.82,0.079,10.87,19.4,14.6,10.07,21.57,19.38,17.51,14.74,9.8,,,
M9.5V,2330,3.368,-6.13,-3.572,13.67,0.101,19.75,,,-3.1,4.86,1.61,16.4,,,2.51,4.73,9.3,0.745,0.5,11.75,10.5,0.35,0.27,,,,2.39,2.0,0.84,0.078,11.0,19.8,14.79,10.15,,19.65,17.29,15.07,9.88,,,
L0V,2270,3.356,-6.25,-3.616,13.75,0.102,20.0,,,-3.45,,1.68,16.6,,,,4.85,9.4,0.76,0.51,11.76,10.55,0.36,0.27,,,,2.43,2.01,0.86,0.077,11.06,19.95,14.92,10.19,,,,15.1,9.92,,,
L1V,2160,3.334,-6.48,-3.712,14.02,0.0995,20.5,,,,,1.66,16.9,,,,4.91,9.65,0.82,0.54,12.12,10.77,0.37,0.28,,,,2.41,2.02,0.88,0.076,11.31,20.42,15.24,10.4,,,,15.51,10.12,,,
L2V,2060,3.314,-6.62,-3.816,14.28,0.097,20.9,,,,,1.69,17.3,,,,5.05,9.9,0.89,0.58,12.47,11.0,0.47,0.28,,,,2.34,2.04,0.9,0.075,11.58,20.9,15.61,10.53,,,,15.85,10.25,,,
L3V,1920,3.283,-7.05,-3.984,14.65,0.0942,21.7,,,,,1.7,18.1,,,,5.29,10.1,0.97,0.61,12.78,11.4,0.5,0.29,,,,2.34,2.1,0.92,0.074,12.01,21.5,16.4,10.9,,,,16.21,10.61,,,
L4V,1870,3.272,-7.53,-4.004,14.77,0.094,22.3,,,,,1.74,18.35,,,,5.57,10.5,1.0,0.63,13.09,11.5,0.6,0.3,,,,2.22,2.2,0.94,,12.13,22.0,16.61,10.9,,,,16.43,10.6,,,
L5V,1710,3.233,-7.87,-4.184,15.23,0.0909,,,,,,1.71,18.5,,,,6.28,11.1,1.02,0.648,13.46,11.87,0.68,0.32,,,,2.15,2.33,0.97,,12.518,22.97,16.79,11.19,,,,16.69,10.87,,,
L6V,1550,3.19,,-4.384,15.7,0.0891,,,,,,1.74,19.25,,,,,,1.06,0.654,13.89,12.2,0.76,0.36,,,,2.07,2.51,1.0,,12.854,,17.51,11.44,,,,,11.08,,,
L7V,1530,3.185,,-4.412,15.77,0.0886,,,,,,2.11,19.3,,,,,,1.13,0.645,14.31,12.55,0.84,0.41,,,,,2.71,1.04,,13.195,,17.19,11.71,,,,,11.3,,,
L8V,1420,3.152,,-4.552,16.12,0.0875,,,,,,1.87,20.0,,,,,,1.16,0.625,14.65,12.74,0.845,0.48,,,,,2.93,1.09,,13.365,,18.13,11.895,,,,,11.415,,,
L9V,1370,3.137,,-4.632,16.27,0.0877,,,,,,,,,,,,,1.18,0.59,14.82,12.93,0.82,0.57,,,,,3.15,1.16,,13.52,,,12.11,,,,,11.54,,,
T0V,1255,3.099,,-4.66,16.39,0.098,,,,,,,,,,,,,1.02,0.54,14.81,13.12,0.7,0.68,,,,,3.36,1.23,,13.66,,,12.42,,,,,11.74,,,
T1V,1240,3.093,,-4.69,16.47,0.1,,,,,,,,,,,,,1.02,0.45,14.63,13.29,0.58,0.82,,,,,3.55,1.33,,13.74,,,12.71,,,,,11.89,,,
T2V,1220,3.086,,-4.73,16.57,0.1,,,,,,,,,,,,,0.86,0.27,14.52,13.45,0.53,0.99,,,,,3.7,1.43,,13.72,,,12.92,,,,,11.93,,,
T3V,1200,3.079,,-4.77,16.67,0.102,,,,,,,,,,,,,0.68,0.08,14.45,13.52,,1.19,,,,,3.82,1.55,,13.6,,,,,,,,,,,
T4V,1180,3.072,,-4.84,16.84,0.101,,,,,,,,,,,,,0.35,-0.19,14.55,14.2,,1.43,,,,,3.9,1.68,,14.01,,,,,,,,,,,
T4.5V,1170,3.068,,-4.9,16.99,0.099,,,,,,,,,,,,,0.2,-0.06,14.69,14.55,,1.57,,,,,3.93,1.75,,14.49,,,,,,,,,,,
T5V,1160,3.064,,-4.95,17.12,0.101,,,,,,,,,,,,,0.2,-0.08,14.88,14.9,,1.7,,,,,3.95,1.81,,14.82,,,,,,,,,,,
T5.5V,1040,3.017,,-5.04,17.34,0.099,,,,,,,,,,,,,0.2,-0.1,15.13,15.1,,1.86,,,,,3.97,1.89,,15.0,,,,,,,,,,,
T6V,950,2.978,,-5.12,17.54,0.1,,,,,,,,,,,,,0.1,-0.03,15.34,15.3,,2.0,,,,,3.98,1.96,,15.27,,,,,,,,,,,
T7V,825,2.916,,-5.37,18.17,0.098,,,,,,,,,,,,,0.0,0.0,15.83,15.8,,2.4,,,,,4.01,2.11,,15.8,,,,,,,,,,,
T7.5V,750,2.875,,-5.54,18.59,0.095,,,,,,,,,,,,,0.2,-0.05,16.61,16.5,,2.6,,,,,4.05,2.19,,16.45,,,,,,,,,,,
T8V,680,2.833,,-5.71,19.02,0.095,,,,,,,,,,,,,0.2,-0.05,17.3,16.9,,2.8,,,,,4.08,2.26,,16.85,,,,,,,,,,,
T8.5V,600,2.778,,-5.93,19.57,0.097,,,,,,,,,,,,,0.2,,18.05,18.3,,3.0,,,,,,,,,,,,,,,,,,,
T9V,560,2.748,,-6.15,20.12,0.1,,,,,,,,,,,,,0.1,-0.2,18.51,18.6,,3.2,,,,,,,,18.4,,,,,,,,,,,
T9.5V,510,2.708,,,,,,,,,,,,,,,,,,,19.75,20.5,,3.4,,,,,,,,,,,,,,,,,,,
Y0V,450,2.653,,-6.52,21.04,0.104,,,,,,,,,,,,,,-0.5,20.15,21.0,,3.6,,,,,,,,20.5,,,,,,,,,,,
Y0.5V,400,2.602,,,,,,,,,,,,,,,,,,-0.6,22.0,21.6,,3.9,,,,,,,,21.0,,,,,,,,,,,
Y1V,360,2.556,,,,,,,,,,,,,,,,,,,22.7,22.2,,4.1,,,,,,,,,,,,,,,,,,,
Y1.5V,325,2.512,,,,,,,,,,,,,,,,,,-0.8,23.2,22.9,,4.4,,,,,,,,22.1,,,,,,,,,,,
Y2V,320,2.505,,,,,,,,,,,,,,,,,,,23.6,23.5,,4.7,,,,,,,,,,,,,,,,,,,
Y4V,250,2.398,,,,,,,,,,,,,,,,,,,28.2,,,6.1,,,,,,,,,,,,,,,,,,,
